{"cameraMode":{"drawMode":0,"name":"Shaded","section":"Shading Mode"},"sceneLighting":true,"audioPlay":false,"sceneViewState":{"m_AlwaysRefresh":false,"showFog":true,"showSkybox":true,"showFlares":true,"showImageEffects":true,"showParticleSystems":true,"showVisualEffectGraphs":true,"m_FxEnabled":true},"in2DMode":false,"pivot":{"x":1.227034568786621,"y":19.52530860900879,"z":28.62838363647461},"rotation":{"x":0.24730025231838227,"y":0.009944149293005467,"z":-0.002363868523389101,"w":0.968889594078064},"size":0.4333798289299011,"orthographic":false}